{"model":{"type":"minecraft:range_dispatch","property":"minecraft:custom_model_data","entries":[{"threshold":0.0,"model":{"type":"minecraft:model","model":"nova:gen_model/nova/core/2983"}},{"threshold":0.0625,"model":{"type":"minecraft:model","model":"nova:gen_model/nova/core/2984"}},{"threshold":0.125,"model":{"type":"minecraft:model","model":"nova:gen_model/nova/core/2985"}},{"threshold":0.1875,"model":{"type":"minecraft:model","model":"nova:gen_model/nova/core/2986"}},{"threshold":0.25,"model":{"type":"minecraft:model","model":"nova:gen_model/nova/core/2987"}},{"threshold":0.3125,"model":{"type":"minecraft:model","model":"nova:gen_model/nova/core/2988"}},{"threshold":0.375,"model":{"type":"minecraft:model","model":"nova:gen_model/nova/core/2989"}},{"threshold":0.4375,"model":{"type":"minecraft:model","model":"nova:gen_model/nova/core/2990"}},{"threshold":0.5,"model":{"type":"minecraft:model","model":"nova:gen_model/nova/core/2991"}},{"threshold":0.5625,"model":{"type":"minecraft:model","model":"nova:gen_model/nova/core/2992"}},{"threshold":0.625,"model":{"type":"minecraft:model","model":"nova:gen_model/nova/core/2993"}},{"threshold":0.6875,"model":{"type":"minecraft:model","model":"nova:gen_model/nova/core/2994"}},{"threshold":0.75,"model":{"type":"minecraft:model","model":"nova:gen_model/nova/core/2995"}},{"threshold":0.8125,"model":{"type":"minecraft:model","model":"nova:gen_model/nova/core/2996"}},{"threshold":0.875,"model":{"type":"minecraft:model","model":"nova:gen_model/nova/core/2997"}},{"threshold":0.9375,"model":{"type":"minecraft:model","model":"nova:gen_model/nova/core/2998"}},{"threshold":1.0,"model":{"type":"minecraft:model","model":"nova:gen_model/nova/core/2999"}}]},"oversized_in_gui":true}