{"model":{"type":"minecraft:range_dispatch","property":"minecraft:custom_model_data","entries":[{"threshold":0.0,"model":{"type":"minecraft:model","model":"nova:gen_model/nova/core/3000"}},{"threshold":0.0625,"model":{"type":"minecraft:model","model":"nova:gen_model/nova/core/3001"}},{"threshold":0.125,"model":{"type":"minecraft:model","model":"nova:gen_model/nova/core/3002"}},{"threshold":0.1875,"model":{"type":"minecraft:model","model":"nova:gen_model/nova/core/3003"}},{"threshold":0.25,"model":{"type":"minecraft:model","model":"nova:gen_model/nova/core/3004"}},{"threshold":0.3125,"model":{"type":"minecraft:model","model":"nova:gen_model/nova/core/3005"}},{"threshold":0.375,"model":{"type":"minecraft:model","model":"nova:gen_model/nova/core/3006"}},{"threshold":0.4375,"model":{"type":"minecraft:model","model":"nova:gen_model/nova/core/3007"}},{"threshold":0.5,"model":{"type":"minecraft:model","model":"nova:gen_model/nova/core/3008"}},{"threshold":0.5625,"model":{"type":"minecraft:model","model":"nova:gen_model/nova/core/3009"}},{"threshold":0.625,"model":{"type":"minecraft:model","model":"nova:gen_model/nova/core/3010"}},{"threshold":0.6875,"model":{"type":"minecraft:model","model":"nova:gen_model/nova/core/3011"}},{"threshold":0.75,"model":{"type":"minecraft:model","model":"nova:gen_model/nova/core/3012"}},{"threshold":0.8125,"model":{"type":"minecraft:model","model":"nova:gen_model/nova/core/3013"}},{"threshold":0.875,"model":{"type":"minecraft:model","model":"nova:gen_model/nova/core/3014"}},{"threshold":0.9375,"model":{"type":"minecraft:model","model":"nova:gen_model/nova/core/3015"}},{"threshold":1.0,"model":{"type":"minecraft:model","model":"nova:gen_model/nova/core/3016"}}]},"oversized_in_gui":true}