{"model":{"type":"minecraft:range_dispatch","property":"minecraft:custom_model_data","entries":[{"threshold":0.0,"model":{"type":"minecraft:model","model":"nova:gen_model/nova/core/3017"}},{"threshold":0.0625,"model":{"type":"minecraft:model","model":"nova:gen_model/nova/core/3018"}},{"threshold":0.125,"model":{"type":"minecraft:model","model":"nova:gen_model/nova/core/3019"}},{"threshold":0.1875,"model":{"type":"minecraft:model","model":"nova:gen_model/nova/core/3020"}},{"threshold":0.25,"model":{"type":"minecraft:model","model":"nova:gen_model/nova/core/3021"}},{"threshold":0.3125,"model":{"type":"minecraft:model","model":"nova:gen_model/nova/core/3022"}},{"threshold":0.375,"model":{"type":"minecraft:model","model":"nova:gen_model/nova/core/3023"}},{"threshold":0.4375,"model":{"type":"minecraft:model","model":"nova:gen_model/nova/core/3024"}},{"threshold":0.5,"model":{"type":"minecraft:model","model":"nova:gen_model/nova/core/3025"}},{"threshold":0.5625,"model":{"type":"minecraft:model","model":"nova:gen_model/nova/core/3026"}},{"threshold":0.625,"model":{"type":"minecraft:model","model":"nova:gen_model/nova/core/3027"}},{"threshold":0.6875,"model":{"type":"minecraft:model","model":"nova:gen_model/nova/core/3028"}},{"threshold":0.75,"model":{"type":"minecraft:model","model":"nova:gen_model/nova/core/3029"}},{"threshold":0.8125,"model":{"type":"minecraft:model","model":"nova:gen_model/nova/core/3030"}},{"threshold":0.875,"model":{"type":"minecraft:model","model":"nova:gen_model/nova/core/3031"}},{"threshold":0.9375,"model":{"type":"minecraft:model","model":"nova:gen_model/nova/core/3032"}},{"threshold":1.0,"model":{"type":"minecraft:model","model":"nova:gen_model/nova/core/3033"}}]},"oversized_in_gui":true}