{"model":{"type":"minecraft:range_dispatch","property":"minecraft:custom_model_data","entries":[{"threshold":0.0,"model":{"type":"minecraft:model","model":"nova:gen_model/nova/core/3152"}},{"threshold":1.0,"model":{"type":"minecraft:model","model":"nova:gen_model/nova/core/3153"}},{"threshold":2.0,"model":{"type":"minecraft:model","model":"nova:gen_model/nova/core/3154"}},{"threshold":3.0,"model":{"type":"minecraft:model","model":"nova:gen_model/nova/core/3155"}},{"threshold":4.0,"model":{"type":"minecraft:model","model":"nova:gen_model/nova/core/3156"}},{"threshold":5.0,"model":{"type":"minecraft:model","model":"nova:gen_model/nova/core/3157"}},{"threshold":6.0,"model":{"type":"minecraft:model","model":"nova:gen_model/nova/core/3158"}},{"threshold":7.0,"model":{"type":"minecraft:model","model":"nova:gen_model/nova/core/3159"}},{"threshold":8.0,"model":{"type":"minecraft:model","model":"nova:gen_model/nova/core/3160"}},{"threshold":9.0,"model":{"type":"minecraft:model","model":"nova:gen_model/nova/core/3161"}},{"threshold":10.0,"model":{"type":"minecraft:model","model":"nova:gen_model/nova/core/3162"}},{"threshold":11.0,"model":{"type":"minecraft:model","model":"nova:gen_model/nova/core/3163"}},{"threshold":12.0,"model":{"type":"minecraft:model","model":"nova:gen_model/nova/core/3164"}},{"threshold":13.0,"model":{"type":"minecraft:model","model":"nova:gen_model/nova/core/3165"}},{"threshold":14.0,"model":{"type":"minecraft:model","model":"nova:gen_model/nova/core/3166"}},{"threshold":15.0,"model":{"type":"minecraft:model","model":"nova:gen_model/nova/core/3167"}},{"threshold":16.0,"model":{"type":"minecraft:model","model":"nova:gen_model/nova/core/3168"}},{"threshold":17.0,"model":{"type":"minecraft:model","model":"nova:gen_model/nova/core/3169"}},{"threshold":18.0,"model":{"type":"minecraft:model","model":"nova:gen_model/nova/core/3170"}},{"threshold":19.0,"model":{"type":"minecraft:model","model":"nova:gen_model/nova/core/3171"}},{"threshold":20.0,"model":{"type":"minecraft:model","model":"nova:gen_model/nova/core/3172"}},{"threshold":21.0,"model":{"type":"minecraft:model","model":"nova:gen_model/nova/core/3173"}},{"threshold":22.0,"model":{"type":"minecraft:model","model":"nova:gen_model/nova/core/3174"}},{"threshold":23.0,"model":{"type":"minecraft:model","model":"nova:gen_model/nova/core/3175"}},{"threshold":24.0,"model":{"type":"minecraft:model","model":"nova:gen_model/nova/core/3176"}},{"threshold":25.0,"model":{"type":"minecraft:model","model":"nova:gen_model/nova/core/3177"}},{"threshold":26.0,"model":{"type":"minecraft:model","model":"nova:gen_model/nova/core/3178"}},{"threshold":27.0,"model":{"type":"minecraft:model","model":"nova:gen_model/nova/core/3179"}},{"threshold":28.0,"model":{"type":"minecraft:model","model":"nova:gen_model/nova/core/3180"}},{"threshold":29.0,"model":{"type":"minecraft:model","model":"nova:gen_model/nova/core/3181"}},{"threshold":30.0,"model":{"type":"minecraft:model","model":"nova:gen_model/nova/core/3182"}},{"threshold":31.0,"model":{"type":"minecraft:model","model":"nova:gen_model/nova/core/3183"}},{"threshold":32.0,"model":{"type":"minecraft:model","model":"nova:gen_model/nova/core/3184"}},{"threshold":33.0,"model":{"type":"minecraft:model","model":"nova:gen_model/nova/core/3185"}},{"threshold":34.0,"model":{"type":"minecraft:model","model":"nova:gen_model/nova/core/3186"}},{"threshold":35.0,"model":{"type":"minecraft:model","model":"nova:gen_model/nova/core/3187"}},{"threshold":36.0,"model":{"type":"minecraft:model","model":"nova:gen_model/nova/core/3188"}},{"threshold":37.0,"model":{"type":"minecraft:model","model":"nova:gen_model/nova/core/3189"}},{"threshold":38.0,"model":{"type":"minecraft:model","model":"nova:gen_model/nova/core/3190"}},{"threshold":39.0,"model":{"type":"minecraft:model","model":"nova:gen_model/nova/core/3191"}},{"threshold":40.0,"model":{"type":"minecraft:model","model":"nova:gen_model/nova/core/3192"}},{"threshold":41.0,"model":{"type":"minecraft:model","model":"nova:gen_model/nova/core/3193"}},{"threshold":42.0,"model":{"type":"minecraft:model","model":"nova:gen_model/nova/core/3194"}},{"threshold":43.0,"model":{"type":"minecraft:model","model":"nova:gen_model/nova/core/3195"}},{"threshold":44.0,"model":{"type":"minecraft:model","model":"nova:gen_model/nova/core/3196"}},{"threshold":45.0,"model":{"type":"minecraft:model","model":"nova:gen_model/nova/core/3197"}},{"threshold":46.0,"model":{"type":"minecraft:model","model":"nova:gen_model/nova/core/3198"}},{"threshold":47.0,"model":{"type":"minecraft:model","model":"nova:gen_model/nova/core/3199"}},{"threshold":48.0,"model":{"type":"minecraft:model","model":"nova:gen_model/nova/core/3200"}},{"threshold":49.0,"model":{"type":"minecraft:model","model":"nova:gen_model/nova/core/3201"}},{"threshold":50.0,"model":{"type":"minecraft:model","model":"nova:gen_model/nova/core/3202"}},{"threshold":51.0,"model":{"type":"minecraft:model","model":"nova:gen_model/nova/core/3203"}},{"threshold":52.0,"model":{"type":"minecraft:model","model":"nova:gen_model/nova/core/3204"}},{"threshold":53.0,"model":{"type":"minecraft:model","model":"nova:gen_model/nova/core/3205"}},{"threshold":54.0,"model":{"type":"minecraft:model","model":"nova:gen_model/nova/core/3206"}},{"threshold":55.0,"model":{"type":"minecraft:model","model":"nova:gen_model/nova/core/3207"}},{"threshold":56.0,"model":{"type":"minecraft:model","model":"nova:gen_model/nova/core/3208"}},{"threshold":57.0,"model":{"type":"minecraft:model","model":"nova:gen_model/nova/core/3209"}},{"threshold":58.0,"model":{"type":"minecraft:model","model":"nova:gen_model/nova/core/3210"}},{"threshold":59.0,"model":{"type":"minecraft:model","model":"nova:gen_model/nova/core/3211"}},{"threshold":60.0,"model":{"type":"minecraft:model","model":"nova:gen_model/nova/core/3212"}},{"threshold":61.0,"model":{"type":"minecraft:model","model":"nova:gen_model/nova/core/3213"}},{"threshold":62.0,"model":{"type":"minecraft:model","model":"nova:gen_model/nova/core/3214"}},{"threshold":63.0,"model":{"type":"minecraft:model","model":"nova:gen_model/nova/core/3215"}},{"threshold":64.0,"model":{"type":"minecraft:model","model":"nova:gen_model/nova/core/3216"}},{"threshold":65.0,"model":{"type":"minecraft:model","model":"nova:gen_model/nova/core/3217"}},{"threshold":66.0,"model":{"type":"minecraft:model","model":"nova:gen_model/nova/core/3218"}},{"threshold":67.0,"model":{"type":"minecraft:model","model":"nova:gen_model/nova/core/3219"}},{"threshold":68.0,"model":{"type":"minecraft:model","model":"nova:gen_model/nova/core/3220"}},{"threshold":69.0,"model":{"type":"minecraft:model","model":"nova:gen_model/nova/core/3221"}},{"threshold":70.0,"model":{"type":"minecraft:model","model":"nova:gen_model/nova/core/3222"}},{"threshold":71.0,"model":{"type":"minecraft:model","model":"nova:gen_model/nova/core/3223"}},{"threshold":72.0,"model":{"type":"minecraft:model","model":"nova:gen_model/nova/core/3224"}},{"threshold":73.0,"model":{"type":"minecraft:model","model":"nova:gen_model/nova/core/3225"}},{"threshold":74.0,"model":{"type":"minecraft:model","model":"nova:gen_model/nova/core/3226"}},{"threshold":75.0,"model":{"type":"minecraft:model","model":"nova:gen_model/nova/core/3227"}},{"threshold":76.0,"model":{"type":"minecraft:model","model":"nova:gen_model/nova/core/3228"}},{"threshold":77.0,"model":{"type":"minecraft:model","model":"nova:gen_model/nova/core/3229"}},{"threshold":78.0,"model":{"type":"minecraft:model","model":"nova:gen_model/nova/core/3230"}},{"threshold":79.0,"model":{"type":"minecraft:model","model":"nova:gen_model/nova/core/3231"}},{"threshold":80.0,"model":{"type":"minecraft:model","model":"nova:gen_model/nova/core/3232"}},{"threshold":81.0,"model":{"type":"minecraft:model","model":"nova:gen_model/nova/core/3233"}},{"threshold":82.0,"model":{"type":"minecraft:model","model":"nova:gen_model/nova/core/3234"}},{"threshold":83.0,"model":{"type":"minecraft:model","model":"nova:gen_model/nova/core/3235"}},{"threshold":84.0,"model":{"type":"minecraft:model","model":"nova:gen_model/nova/core/3236"}},{"threshold":85.0,"model":{"type":"minecraft:model","model":"nova:gen_model/nova/core/3237"}},{"threshold":86.0,"model":{"type":"minecraft:model","model":"nova:gen_model/nova/core/3238"}},{"threshold":87.0,"model":{"type":"minecraft:model","model":"nova:gen_model/nova/core/3239"}},{"threshold":88.0,"model":{"type":"minecraft:model","model":"nova:gen_model/nova/core/3240"}},{"threshold":89.0,"model":{"type":"minecraft:model","model":"nova:gen_model/nova/core/3241"}},{"threshold":90.0,"model":{"type":"minecraft:model","model":"nova:gen_model/nova/core/3242"}},{"threshold":91.0,"model":{"type":"minecraft:model","model":"nova:gen_model/nova/core/3243"}},{"threshold":92.0,"model":{"type":"minecraft:model","model":"nova:gen_model/nova/core/3244"}},{"threshold":93.0,"model":{"type":"minecraft:model","model":"nova:gen_model/nova/core/3245"}},{"threshold":94.0,"model":{"type":"minecraft:model","model":"nova:gen_model/nova/core/3246"}},{"threshold":95.0,"model":{"type":"minecraft:model","model":"nova:gen_model/nova/core/3247"}},{"threshold":96.0,"model":{"type":"minecraft:model","model":"nova:gen_model/nova/core/3248"}},{"threshold":97.0,"model":{"type":"minecraft:model","model":"nova:gen_model/nova/core/3249"}},{"threshold":98.0,"model":{"type":"minecraft:model","model":"nova:gen_model/nova/core/3250"}},{"threshold":99.0,"model":{"type":"minecraft:model","model":"nova:gen_model/nova/core/3251"}},{"threshold":100.0,"model":{"type":"minecraft:model","model":"nova:gen_model/nova/core/3252"}}]},"oversized_in_gui":true}