{"model":{"type":"minecraft:range_dispatch","property":"minecraft:custom_model_data","entries":[{"threshold":0.0,"model":{"type":"minecraft:model","model":"nova:gen_model/nova/core/2966"}},{"threshold":0.0625,"model":{"type":"minecraft:model","model":"nova:gen_model/nova/core/2967"}},{"threshold":0.125,"model":{"type":"minecraft:model","model":"nova:gen_model/nova/core/2968"}},{"threshold":0.1875,"model":{"type":"minecraft:model","model":"nova:gen_model/nova/core/2969"}},{"threshold":0.25,"model":{"type":"minecraft:model","model":"nova:gen_model/nova/core/2970"}},{"threshold":0.3125,"model":{"type":"minecraft:model","model":"nova:gen_model/nova/core/2971"}},{"threshold":0.375,"model":{"type":"minecraft:model","model":"nova:gen_model/nova/core/2972"}},{"threshold":0.4375,"model":{"type":"minecraft:model","model":"nova:gen_model/nova/core/2973"}},{"threshold":0.5,"model":{"type":"minecraft:model","model":"nova:gen_model/nova/core/2974"}},{"threshold":0.5625,"model":{"type":"minecraft:model","model":"nova:gen_model/nova/core/2975"}},{"threshold":0.625,"model":{"type":"minecraft:model","model":"nova:gen_model/nova/core/2976"}},{"threshold":0.6875,"model":{"type":"minecraft:model","model":"nova:gen_model/nova/core/2977"}},{"threshold":0.75,"model":{"type":"minecraft:model","model":"nova:gen_model/nova/core/2978"}},{"threshold":0.8125,"model":{"type":"minecraft:model","model":"nova:gen_model/nova/core/2979"}},{"threshold":0.875,"model":{"type":"minecraft:model","model":"nova:gen_model/nova/core/2980"}},{"threshold":0.9375,"model":{"type":"minecraft:model","model":"nova:gen_model/nova/core/2981"}},{"threshold":1.0,"model":{"type":"minecraft:model","model":"nova:gen_model/nova/core/2982"}}]},"oversized_in_gui":true}