{"model":{"type":"minecraft:range_dispatch","property":"minecraft:custom_model_data","entries":[{"threshold":0.0,"model":{"type":"minecraft:model","model":"nova:gen_model/nova/core/2957"}},{"threshold":0.125,"model":{"type":"minecraft:model","model":"nova:gen_model/nova/core/2958"}},{"threshold":0.25,"model":{"type":"minecraft:model","model":"nova:gen_model/nova/core/2959"}},{"threshold":0.375,"model":{"type":"minecraft:model","model":"nova:gen_model/nova/core/2960"}},{"threshold":0.5,"model":{"type":"minecraft:model","model":"nova:gen_model/nova/core/2961"}},{"threshold":0.625,"model":{"type":"minecraft:model","model":"nova:gen_model/nova/core/2962"}},{"threshold":0.75,"model":{"type":"minecraft:model","model":"nova:gen_model/nova/core/2963"}},{"threshold":0.875,"model":{"type":"minecraft:model","model":"nova:gen_model/nova/core/2964"}},{"threshold":1.0,"model":{"type":"minecraft:model","model":"nova:gen_model/nova/core/2965"}}]},"oversized_in_gui":true}